{"epoch": 19, "train_loss": 0.5928617715835571, "train_auc": 0.7510855523759079, "train_acc": 0.6906996587030717, "valid_auc": 0.7412376358899133, "valid_acc": 0.6865671641791045, "_runtime": 35, "_timestamp": 1621824702, "_step": 19}